id;full_name;email;password;role;polygon_address;public_url
1;Practical HDD applications;Elsa_Pfannerstill@gmail.com;array and Wyoming;quantify Planner;Washington CSS benchmark;Bacon Self-enabling
2;Republic;Tyshawn_Aufderhar9@gmail.com;Gloves;Programmable reintermediate Dynamic;Operations calculating;empowering
3;schemas;Beau67@yahoo.com;Generic IB;Montana;Shilling;Public-key
4;real-time Uzbekistan;Rhoda_McDermott@yahoo.com;open-source;Ergonomic;Mississippi solid;Universal Salad haptic
5;Auto Salad reinvent;Jaiden.Cormier@yahoo.com;unleash;Account Oklahoma up;Berkshire;Bedfordshire
6;Shirt Islands e-business;Darrion_Funk43@gmail.com;Garden invoice e-markets;world-class matrix;feed Self-enabling;CFP envisioneer
7;Technician enable pixel;Imogene_Rodriguez@hotmail.com;efficient program;global;Euro;Wooden 24
8;Peru Djibouti;Jeremie34@hotmail.com;pixel Home;Directives;indexing bypass;salmon Toys
9;Games Buckinghamshire Rustic;Brody_Ritchie80@gmail.com;Bahamas Robust Communications;deploy New;parse empower;Dynamic one-to-one
10;Seychelles;Jaden13@hotmail.com;full-range Investment;Legacy Soft;24/7 back-end RAM;leading CFA
