id;choice_name;action;text
1;Guadeloupe mobile;invoice SCSI;SCSI Incredible
2;transmit Skyway;invoice Factors;Delaware Seamless
3;Creative sensor;Ergonomic fresh-thinking matrix;California cross-platform
4;circuit;Montana white;Pants backing back-end
5;Auto Administrator calculate;Gloves;Platinum bleeding-edge reboot
6;ability synergies;overriding grey Refined;Franc Panama
7;withdrawal;bandwidth;PCI artificial
8;Lead transmitting;orange;teal hard
9;Kansas;New Beauty Soft;granular haptic
10;Global Personal eco-centric;Baby;Honduras
